municipal,Population,Weighted Score,General Score,Community Subtype,Percent in Poverty Score,Low Income Score,Population of Color Score,Foreign Born Score,COVID Case Rate Score,Unemployment Rate Score,Income Score,Demographics Score,COVID Impact Score
Chelsea,40160,1.00,1.00,Metro Core Community,1.00,0.76,1.00,1.00,1.00,0.72,1.00,1.00,1.00
Everett,46880,0.82,0.82,Metro Core Community,0.82,0.72,0.71,0.89,0.81,0.64,0.87,0.80,0.83
Randolph,34398,0.65,0.65,Mature Suburb,0.49,0.51,0.84,0.71,0.51,0.72,0.56,0.77,0.67
Methuen,50698,0.56,0.53,Sub-Regional Urban Center,0.62,0.40,0.48,0.43,0.63,0.62,0.58,0.45,0.69
Southbridge,16931,0.50,0.47,Sub-Regional Urban Center,0.43,0.67,0.47,0.10,0.47,0.73,0.62,0.29,0.66
Saugus,28385,0.43,0.38,Mature Suburb,0.36,0.36,0.20,0.28,0.62,0.62,0.40,0.24,0.68
Marlborough,39825,0.43,0.42,Sub-Regional Urban Center,0.33,0.43,0.35,0.53,0.52,0.47,0.43,0.44,0.52
Gardner,20719,0.43,0.38,Sub-Regional Urban Center,0.39,0.62,0.20,0.13,0.49,0.62,0.57,0.17,0.60
Amherst,39503,0.43,0.47,Sub-Regional Urban Center,0.96,0.57,0.38,0.37,0.27,0.33,0.87,0.37,0.26
West Springfield,28747,0.42,0.40,Sub-Regional Urban Center,0.45,0.52,0.27,0.34,0.40,0.57,0.54,0.30,0.51
Winthrop,18688,0.42,0.37,Streetcar Suburb,0.25,0.50,0.16,0.35,0.55,0.59,0.42,0.25,0.63
Stoughton,28950,0.40,0.39,Mature Suburb,0.28,0.41,0.35,0.45,0.43,0.56,0.38,0.40,0.52
Webster,17027,0.39,0.35,Sub-Regional Urban Center,0.20,0.60,0.22,0.17,0.46,0.64,0.44,0.19,0.60
Woburn,40397,0.38,0.36,Sub-Regional Urban Center,0.31,0.37,0.29,0.43,0.45,0.50,0.38,0.36,0.49
Tisbury,4111,0.38,0.34,Maturing New England Town,0.05,0.67,0.17,0.31,0.30,0.73,0.40,0.24,0.55
Provincetown,2960,0.37,0.32,Sub-Regional Urban Center,0.04,0.69,0.13,0.21,0.09,1.00,0.41,0.17,0.59
Milford,29105,0.37,0.35,Sub-Regional Urban Center,0.34,0.41,0.29,0.35,0.43,0.49,0.42,0.32,0.47
Norwood,29327,0.37,0.35,Sub-Regional Urban Center,0.31,0.35,0.27,0.41,0.42,0.51,0.37,0.34,0.48
Holbrook,11048,0.36,0.33,Mature Suburb,0.10,0.50,0.29,0.31,0.40,0.62,0.33,0.30,0.54
Clinton,14022,0.35,0.31,Sub-Regional Urban Center,0.14,0.43,0.27,0.25,0.49,0.54,0.31,0.26,0.55
Braintree,37250,0.35,0.32,Mature Suburb,0.23,0.33,0.25,0.33,0.46,0.54,0.31,0.29,0.53
Avon,4519,0.35,0.31,Mature Suburb,0.06,0.32,0.36,0.32,0.46,0.59,0.21,0.34,0.56
Wareham,22666,0.34,0.31,Maturing New England Town,0.34,0.59,0.22,0.09,0.28,0.60,0.52,0.15,0.45
Nantucket,11327,0.34,0.28,Maturing New England Town,0.13,0.31,0.19,0.22,0.51,0.61,0.24,0.21,0.61
Dracut,31747,0.33,0.29,Maturing New England Town,0.31,0.31,0.20,0.20,0.47,0.50,0.35,0.20,0.51
Fairhaven,16094,0.32,0.27,Maturing New England Town,0.16,0.34,0.13,0.19,0.53,0.54,0.27,0.16,0.58
Shirley,7649,0.32,0.28,Maturing New England Town,0.05,0.35,0.35,0.18,0.50,0.52,0.22,0.27,0.54
Ludlow,21478,0.32,0.29,Maturing New England Town,0.19,0.40,0.16,0.31,0.41,0.53,0.33,0.23,0.49
Rockland,17960,0.32,0.27,Maturing New England Town,0.17,0.46,0.11,0.12,0.43,0.60,0.35,0.11,0.54
Edgartown,4343,0.32,0.29,Maturing New England Town,0.02,0.41,0.24,0.45,0.28,0.62,0.24,0.35,0.46
Danvers,27727,0.31,0.27,Mature Suburb,0.22,0.39,0.12,0.19,0.47,0.51,0.34,0.15,0.52
Ayer,8164,0.31,0.28,Maturing New England Town,0.12,0.45,0.19,0.24,0.44,0.50,0.31,0.22,0.49
Dartmouth,34307,0.31,0.27,Maturing New England Town,0.30,0.22,0.14,0.27,0.47,0.50,0.29,0.20,0.51
Dedham,25334,0.30,0.28,Mature Suburb,0.16,0.32,0.29,0.31,0.40,0.48,0.27,0.30,0.45
North Adams,12904,0.30,0.29,Sub-Regional Urban Center,0.28,0.75,0.14,0.09,0.12,0.60,0.58,0.12,0.35
Beverly,42312,0.30,0.28,Sub-Regional Urban Center,0.43,0.41,0.13,0.16,0.34,0.46,0.47,0.14,0.40
Palmer,12309,0.30,0.27,Maturing New England Town,0.20,0.56,0.15,0.11,0.28,0.59,0.43,0.13,0.44
Bridgewater,27395,0.29,0.26,Maturing New England Town,0.28,0.28,0.22,0.11,0.43,0.50,0.31,0.17,0.48
Acushnet,10580,0.29,0.23,Maturing New England Town,0.07,0.21,0.14,0.23,0.54,0.54,0.15,0.19,0.58
Shrewsbury,37973,0.29,0.30,Maturing New England Town,0.22,0.22,0.39,0.51,0.32,0.40,0.24,0.45,0.34
Agawam,28854,0.29,0.26,Maturing New England Town,0.30,0.40,0.14,0.16,0.37,0.49,0.40,0.15,0.44
Stoneham,22729,0.29,0.26,Mature Suburb,0.16,0.38,0.14,0.29,0.45,0.44,0.30,0.21,0.46
Watertown,35954,0.29,0.30,Streetcar Suburb,0.37,0.28,0.29,0.45,0.27,0.40,0.37,0.37,0.31
Dennis,13885,0.28,0.25,Established Suburb/Cape Cod Town,0.21,0.49,0.12,0.16,0.18,0.66,0.39,0.14,0.43
Hudson,19960,0.28,0.27,Maturing New England Town,0.16,0.39,0.15,0.37,0.33,0.49,0.30,0.26,0.41
Middleton,10050,0.28,0.22,Maturing New England Town,0.04,0.23,0.14,0.14,0.61,0.49,0.15,0.14,0.59
Raynham,14313,0.28,0.22,Maturing New England Town,0.09,0.29,0.11,0.14,0.46,0.58,0.21,0.12,0.56
Somerset,18181,0.28,0.22,Sub-Regional Urban Center,0.12,0.28,0.04,0.19,0.48,0.55,0.22,0.11,0.55
Milton,27616,0.27,0.26,Established Suburb/Cape Cod Town,0.15,0.24,0.35,0.32,0.35,0.44,0.21,0.34,0.39
Sunderland,3659,0.27,0.29,Maturing New England Town,0.06,0.54,0.37,0.45,0.23,0.36,0.34,0.41,0.26
Canton,23629,0.27,0.25,Established Suburb/Cape Cod Town,0.16,0.28,0.26,0.33,0.33,0.47,0.24,0.30,0.40
Athol,11753,0.27,0.24,Maturing New England Town,0.22,0.58,0.11,0.09,0.23,0.54,0.45,0.10,0.38
Westborough,19189,0.27,0.28,Maturing New England Town,0.11,0.13,0.43,0.60,0.33,0.36,0.12,0.51,0.32
North Attleborough,29349,0.27,0.24,Maturing New England Town,0.32,0.24,0.18,0.21,0.29,0.52,0.31,0.19,0.41
Lenox,4964,0.26,0.23,Maturing New England Town,0.03,0.50,0.11,0.26,0.18,0.66,0.29,0.18,0.43
Abington,16516,0.26,0.21,Maturing New England Town,0.08,0.24,0.13,0.18,0.42,0.56,0.17,0.16,0.52
Ware,9811,0.26,0.24,Maturing New England Town,0.20,0.58,0.14,0.09,0.21,0.54,0.44,0.11,0.37
Tewksbury,31388,0.26,0.22,Established Suburb/Cape Cod Town,0.24,0.22,0.11,0.16,0.44,0.48,0.25,0.14,0.47
Billerica,43784,0.26,0.23,Established Suburb/Cape Cod Town,0.21,0.22,0.20,0.26,0.35,0.48,0.23,0.23,0.42
Ashland,17739,0.26,0.25,Established Suburb/Cape Cod Town,0.09,0.22,0.28,0.47,0.35,0.41,0.17,0.37,0.37
Falmouth,31019,0.26,0.24,Established Suburb/Cape Cod Town,0.25,0.39,0.16,0.17,0.17,0.60,0.35,0.16,0.38
Spencer,11971,0.26,0.22,Maturing New England Town,0.16,0.41,0.11,0.12,0.29,0.56,0.31,0.12,0.43
Burlington,28742,0.25,0.26,Mature Suburb,0.14,0.26,0.34,0.49,0.27,0.37,0.22,0.41,0.29
Wellfleet,2729,0.25,0.23,Established Suburb/Cape Cod Town,0.05,0.65,0.12,0.15,0.08,0.66,0.39,0.13,0.36
Great Barrington,6852,0.25,0.23,Maturing New England Town,0.08,0.41,0.21,0.24,0.26,0.51,0.27,0.22,0.38
Greenfield,17460,0.25,0.24,Maturing New England Town,0.30,0.53,0.16,0.13,0.18,0.47,0.47,0.15,0.30
North Andover,31296,0.25,0.23,Maturing New England Town,0.19,0.20,0.23,0.26,0.39,0.42,0.21,0.25,0.40
Leicester,11394,0.25,0.21,Maturing New England Town,0.09,0.41,0.11,0.13,0.39,0.47,0.28,0.12,0.44
Swansea,16705,0.25,0.20,Maturing New England Town,0.10,0.25,0.06,0.21,0.46,0.48,0.19,0.13,0.49
Westport,15988,0.25,0.19,Maturing New England Town,0.11,0.22,0.03,0.18,0.41,0.56,0.18,0.10,0.51
Dudley,11802,0.24,0.21,Maturing New England Town,0.09,0.42,0.11,0.16,0.33,0.50,0.28,0.14,0.42
Millbury,13866,0.24,0.21,Maturing New England Town,0.10,0.38,0.12,0.18,0.37,0.46,0.26,0.15,0.42
West Bridgewater,7262,0.24,0.18,Maturing New England Town,0.05,0.25,0.10,0.06,0.47,0.54,0.16,0.08,0.53
Dighton,7891,0.24,0.20,Country Suburb,0.03,0.36,0.11,0.14,0.38,0.53,0.21,0.12,0.47
Wakefield,27135,0.24,0.21,Mature Suburb,0.15,0.33,0.12,0.20,0.36,0.45,0.26,0.16,0.41
Montague,8316,0.24,0.22,Maturing New England Town,0.12,0.54,0.15,0.16,0.12,0.59,0.37,0.15,0.34
Middleborough,25121,0.24,0.19,Country Suburb,0.21,0.26,0.10,0.07,0.33,0.55,0.26,0.09,0.45
Mashpee,14180,0.24,0.21,Established Suburb/Cape Cod Town,0.12,0.38,0.18,0.12,0.20,0.59,0.28,0.15,0.39
Lee,5715,0.24,0.22,Maturing New England Town,0.04,0.44,0.14,0.29,0.21,0.53,0.27,0.21,0.36
Harwich,12133,0.24,0.20,Maturing New England Town,0.10,0.36,0.11,0.12,0.22,0.63,0.25,0.12,0.43
Salisbury,9489,0.23,0.20,Maturing New England Town,0.09,0.49,0.10,0.10,0.28,0.51,0.32,0.10,0.39
Walpole,25209,0.23,0.21,Maturing New England Town,0.14,0.25,0.19,0.22,0.33,0.46,0.22,0.20,0.39
Northbridge,16732,0.23,0.20,Maturing New England Town,0.16,0.38,0.16,0.12,0.28,0.49,0.30,0.14,0.38
Auburn,16782,0.23,0.19,Maturing New England Town,0.08,0.31,0.11,0.16,0.41,0.45,0.21,0.14,0.43
Oxford,14041,0.23,0.20,Maturing New England Town,0.16,0.38,0.14,0.13,0.31,0.47,0.30,0.13,0.38
Bourne,19872,0.23,0.19,Established Suburb/Cape Cod Town,0.14,0.37,0.12,0.09,0.24,0.58,0.28,0.11,0.41
Easthampton,15987,0.23,0.21,Sub-Regional Urban Center,0.21,0.44,0.15,0.11,0.23,0.48,0.36,0.13,0.34
Adams,8077,0.23,0.21,Maturing New England Town,0.14,0.60,0.05,0.09,0.13,0.59,0.41,0.07,0.34
Whitman,15168,0.23,0.18,Maturing New England Town,0.12,0.31,0.06,0.06,0.36,0.54,0.24,0.06,0.46
Chelmsford,35313,0.23,0.21,Established Suburb/Cape Cod Town,0.18,0.24,0.19,0.24,0.33,0.42,0.23,0.21,0.36
Foxborough,17671,0.22,0.20,Maturing New England Town,0.13,0.30,0.17,0.18,0.30,0.48,0.24,0.17,0.38
West Boylston,8215,0.22,0.19,Maturing New England Town,0.05,0.26,0.26,0.14,0.31,0.50,0.17,0.20,0.41
Wilmington,23907,0.22,0.19,Established Suburb/Cape Cod Town,0.08,0.22,0.14,0.22,0.38,0.46,0.16,0.18,0.42
East Longmeadow,16296,0.22,0.19,Maturing New England Town,0.09,0.27,0.18,0.11,0.39,0.44,0.19,0.15,0.42
Melrose,28193,0.22,0.21,Streetcar Suburb,0.15,0.30,0.18,0.27,0.29,0.41,0.25,0.22,0.33
South Hadley,17806,0.22,0.21,Maturing New England Town,0.20,0.41,0.19,0.15,0.23,0.43,0.34,0.17,0.31
Marshfield,25905,0.22,0.19,Established Suburb/Cape Cod Town,0.25,0.34,0.07,0.12,0.30,0.45,0.33,0.09,0.36
Winchendon,10911,0.22,0.19,Country Suburb,0.16,0.44,0.10,0.08,0.25,0.49,0.33,0.09,0.36
Natick,36229,0.22,0.22,Mature Suburb,0.14,0.27,0.27,0.40,0.22,0.39,0.22,0.33,0.27
Belmont,26330,0.22,0.24,Streetcar Suburb,0.19,0.20,0.33,0.54,0.17,0.34,0.21,0.43,0.21
Andover,36403,0.22,0.22,Maturing New England Town,0.19,0.12,0.29,0.38,0.29,0.37,0.17,0.33,0.31
Berkley,6802,0.22,0.16,Country Suburb,0.02,0.26,0.04,0.09,0.43,0.53,0.15,0.06,0.50
Orange,7664,0.22,0.20,Maturing New England Town,0.11,0.70,0.05,0.06,0.13,0.52,0.45,0.06,0.30
Kingston,13723,0.22,0.17,Maturing New England Town,0.11,0.37,0.07,0.05,0.32,0.52,0.26,0.06,0.42
East Bridgewater,14496,0.22,0.17,Maturing New England Town,0.13,0.20,0.14,0.11,0.35,0.51,0.18,0.12,0.44
Grafton,18885,0.22,0.21,Maturing New England Town,0.11,0.25,0.29,0.27,0.25,0.43,0.19,0.28,0.32
Freetown,9395,0.22,0.16,Country Suburb,0.07,0.13,0.07,0.16,0.43,0.51,0.10,0.11,0.49
Nahant,3524,0.21,0.18,Mature Suburb,0.01,0.47,0.06,0.18,0.29,0.47,0.27,0.12,0.37
Oak Bluffs,4678,0.21,0.19,Maturing New England Town,0.07,0.42,0.15,0.18,0.23,0.49,0.27,0.17,0.34
Tyngsborough,12418,0.21,0.18,Country Suburb,0.11,0.13,0.19,0.25,0.36,0.43,0.12,0.22,0.40
Wales,1898,0.21,0.19,Rural Town,0.02,0.59,0.08,0.09,0.17,0.55,0.34,0.08,0.34
Halifax,7890,0.21,0.17,Maturing New England Town,0.05,0.41,0.07,0.08,0.26,0.56,0.25,0.07,0.41
Orleans,5798,0.21,0.18,Established Suburb/Cape Cod Town,0.05,0.48,0.09,0.16,0.19,0.52,0.29,0.12,0.34
Eastham,4871,0.21,0.18,Established Suburb/Cape Cod Town,0.05,0.46,0.10,0.13,0.11,0.62,0.28,0.12,0.35
Northborough,15101,0.21,0.18,Maturing New England Town,0.04,0.18,0.21,0.28,0.34,0.42,0.12,0.24,0.37
Lexington,33792,0.21,0.24,Established Suburb/Cape Cod Town,0.16,0.12,0.46,0.60,0.13,0.31,0.15,0.53,0.16
Chatham,6160,0.20,0.18,Established Suburb/Cape Cod Town,0.07,0.40,0.09,0.14,0.20,0.54,0.26,0.12,0.36
Carver,11777,0.20,0.17,Maturing New England Town,0.09,0.38,0.10,0.08,0.23,0.53,0.26,0.09,0.37
Easton,25050,0.20,0.17,Maturing New England Town,0.12,0.20,0.15,0.18,0.33,0.44,0.17,0.17,0.38
Truro,1999,0.20,0.16,Rural Town,0.01,0.38,0.04,0.10,0.07,0.75,0.21,0.07,0.41
Acton,23738,0.20,0.23,Established Suburb/Cape Cod Town,0.11,0.15,0.42,0.58,0.14,0.32,0.14,0.50,0.18
Hull,10463,0.20,0.17,Mature Suburb,0.06,0.41,0.07,0.12,0.21,0.53,0.26,0.10,0.36
Templeton,8153,0.20,0.16,Country Suburb,0.05,0.34,0.07,0.10,0.31,0.49,0.21,0.08,0.40
Seekonk,15702,0.20,0.16,Maturing New England Town,0.10,0.23,0.06,0.15,0.34,0.47,0.18,0.10,0.40
Bedford,14195,0.20,0.20,Established Suburb/Cape Cod Town,0.06,0.17,0.30,0.39,0.25,0.37,0.12,0.35,0.28
Brookfield,3458,0.20,0.17,Maturing New England Town,0.03,0.42,0.12,0.11,0.25,0.48,0.25,0.12,0.35
Norton,19948,0.20,0.16,Maturing New England Town,0.15,0.20,0.11,0.11,0.29,0.50,0.19,0.11,0.39
Amesbury,17569,0.19,0.17,Sub-Regional Urban Center,0.14,0.36,0.10,0.09,0.25,0.46,0.28,0.09,0.34
Warren,5248,0.19,0.17,Country Suburb,0.03,0.61,0.05,0.07,0.17,0.50,0.35,0.06,0.31
Lunenburg,11657,0.19,0.17,Country Suburb,0.10,0.31,0.15,0.15,0.25,0.46,0.22,0.15,0.34
Marion,5143,0.19,0.15,Maturing New England Town,0.03,0.25,0.16,0.09,0.34,0.47,0.15,0.12,0.41
Dalton,6569,0.19,0.18,Maturing New England Town,0.08,0.56,0.09,0.09,0.15,0.49,0.36,0.09,0.29
Blackstone,9326,0.19,0.16,Maturing New England Town,0.05,0.35,0.09,0.09,0.26,0.51,0.22,0.09,0.38
Mansfield,24063,0.19,0.16,Established Suburb/Cape Cod Town,0.09,0.18,0.18,0.19,0.29,0.45,0.15,0.19,0.36
Swampscott,15227,0.19,0.16,Mature Suburb,0.06,0.23,0.10,0.25,0.30,0.44,0.15,0.17,0.36
Wilbraham,14749,0.19,0.15,Maturing New England Town,0.05,0.23,0.13,0.12,0.37,0.42,0.15,0.13,0.39
West Brookfield,3785,0.19,0.15,Country Suburb,0.02,0.40,0.05,0.06,0.29,0.49,0.23,0.06,0.38
Marblehead,20634,0.19,0.17,Mature Suburb,0.13,0.24,0.11,0.24,0.27,0.42,0.20,0.18,0.32
Sharon,18943,0.19,0.20,Established Suburb/Cape Cod Town,0.05,0.15,0.33,0.51,0.19,0.34,0.10,0.42,0.22
Wrentham,11964,0.19,0.15,Country Suburb,0.06,0.24,0.08,0.13,0.37,0.43,0.16,0.10,0.39
Plainville,9230,0.18,0.15,Maturing New England Town,0.06,0.28,0.09,0.12,0.25,0.51,0.18,0.10,0.37
North Reading,15710,0.18,0.15,Established Suburb/Cape Cod Town,0.06,0.15,0.13,0.18,0.36,0.43,0.11,0.15,0.39
Reading,25337,0.18,0.15,Mature Suburb,0.11,0.19,0.11,0.19,0.33,0.40,0.16,0.15,0.35
Lynnfield,13041,0.18,0.14,Established Suburb/Cape Cod Town,0.03,0.16,0.13,0.18,0.39,0.40,0.10,0.15,0.39
Bellingham,17182,0.18,0.15,Maturing New England Town,0.08,0.27,0.10,0.14,0.25,0.48,0.19,0.12,0.35
Wendell,886,0.18,0.17,Rural Town,0.02,0.65,0.13,0.07,0.04,0.53,0.37,0.10,0.25
Lakeville,11418,0.18,0.13,Maturing New England Town,0.05,0.21,0.07,0.08,0.34,0.49,0.14,0.08,0.41
Pembroke,18448,0.18,0.14,Established Suburb/Cape Cod Town,0.07,0.24,0.08,0.08,0.28,0.51,0.17,0.08,0.39
Hanover,14517,0.18,0.13,Maturing New England Town,0.05,0.22,0.04,0.06,0.37,0.47,0.15,0.05,0.42
Hadley,5346,0.18,0.15,Maturing New England Town,0.04,0.25,0.17,0.17,0.24,0.47,0.16,0.17,0.34
Sturbridge,9640,0.18,0.15,Maturing New England Town,0.08,0.27,0.10,0.14,0.25,0.48,0.18,0.12,0.35
Millville,3265,0.18,0.14,Country Suburb,0.03,0.37,0.05,0.05,0.25,0.51,0.22,0.05,0.37
Paxton,4963,0.18,0.14,Country Suburb,0.02,0.14,0.15,0.22,0.37,0.40,0.08,0.19,0.37
Barre,5592,0.18,0.14,Country Suburb,0.04,0.37,0.07,0.08,0.22,0.50,0.23,0.07,0.35
Hanson,10874,0.18,0.13,Maturing New England Town,0.05,0.17,0.08,0.09,0.32,0.51,0.11,0.08,0.42
Becket,1730,0.17,0.14,Rural Town,0.02,0.35,0.11,0.08,0.13,0.60,0.20,0.09,0.35
Millis,8270,0.17,0.15,Maturing New England Town,0.02,0.29,0.11,0.17,0.22,0.49,0.17,0.14,0.34
Boxborough,6388,0.17,0.20,Country Suburb,0.04,0.23,0.37,0.47,0.11,0.33,0.15,0.42,0.16
Sterling,8190,0.17,0.13,Country Suburb,0.03,0.21,0.09,0.08,0.36,0.44,0.13,0.09,0.40
Ipswich,14092,0.17,0.15,Maturing New England Town,0.13,0.42,0.08,0.10,0.20,0.41,0.30,0.09,0.28
Newburyport,18202,0.17,0.16,Sub-Regional Urban Center,0.13,0.32,0.11,0.18,0.23,0.39,0.24,0.14,0.28
Rockport,7295,0.17,0.15,Maturing New England Town,0.07,0.49,0.05,0.07,0.14,0.50,0.31,0.06,0.29
Maynard,10667,0.17,0.16,Mature Suburb,0.07,0.33,0.12,0.23,0.23,0.38,0.22,0.17,0.27
Norfolk,11988,0.17,0.14,Maturing New England Town,0.02,0.09,0.22,0.16,0.35,0.40,0.05,0.19,0.37
Belchertown,15134,0.17,0.14,Country Suburb,0.11,0.32,0.08,0.11,0.22,0.44,0.23,0.10,0.31
Savoy,683,0.17,0.16,Rural Town,0.01,0.56,0.15,0.05,0.07,0.51,0.31,0.10,0.25
Huntington,2182,0.17,0.14,Rural Town,0.02,0.36,0.10,0.06,0.18,0.53,0.21,0.08,0.33
Franklin,33230,0.17,0.15,Maturing New England Town,0.17,0.17,0.14,0.16,0.22,0.44,0.18,0.15,0.31
Brewster,9806,0.17,0.14,Established Suburb/Cape Cod Town,0.07,0.40,0.05,0.07,0.17,0.50,0.25,0.06,0.32
East Brookfield,2215,0.17,0.13,Maturing New England Town,0.02,0.35,0.04,0.08,0.29,0.44,0.20,0.06,0.35
Sandwich,20226,0.16,0.13,Established Suburb/Cape Cod Town,0.11,0.26,0.08,0.09,0.20,0.50,0.20,0.08,0.34
Scituate,18834,0.16,0.14,Established Suburb/Cape Cod Town,0.11,0.24,0.07,0.14,0.26,0.44,0.19,0.10,0.33
Stockbridge,1903,0.16,0.16,Rural Town,0.03,0.48,0.12,0.23,0.14,0.38,0.28,0.18,0.22
Lancaster,8185,0.16,0.15,Maturing New England Town,0.03,0.23,0.21,0.17,0.26,0.40,0.14,0.19,0.30
North Brookfield,4808,0.16,0.13,Maturing New England Town,0.04,0.43,0.03,0.04,0.22,0.47,0.26,0.03,0.33
Charlton,13697,0.16,0.13,Country Suburb,0.07,0.26,0.09,0.08,0.29,0.42,0.18,0.09,0.34
Holden,19163,0.16,0.13,Maturing New England Town,0.11,0.12,0.12,0.14,0.32,0.41,0.12,0.13,0.35
Uxbridge,14095,0.16,0.13,Country Suburb,0.15,0.18,0.09,0.11,0.24,0.46,0.18,0.10,0.33
Charlemont,1245,0.16,0.14,Rural Town,0.02,0.51,0.08,0.07,0.04,0.56,0.29,0.07,0.26
Hingham,23923,0.16,0.13,Established Suburb/Cape Cod Town,0.14,0.21,0.06,0.13,0.33,0.36,0.19,0.09,0.32
Westwood,16127,0.16,0.15,Established Suburb/Cape Cod Town,0.05,0.15,0.18,0.30,0.26,0.36,0.10,0.24,0.28
Hinsdale,1922,0.16,0.11,Rural Town,0.02,0.29,0.02,0.06,0.14,0.62,0.17,0.04,0.37
Southampton,6196,0.16,0.13,Country Suburb,0.03,0.30,0.04,0.19,0.26,0.41,0.18,0.11,0.31
Rehoboth,12265,0.16,0.12,Country Suburb,0.04,0.12,0.10,0.16,0.32,0.43,0.08,0.13,0.37
Rowe,394,0.15,0.12,Rural Town,0.00,0.40,0.05,0.04,0.06,0.63,0.22,0.04,0.33
Winchester,22851,0.15,0.15,Mature Suburb,0.07,0.09,0.23,0.38,0.22,0.34,0.08,0.31,0.24
Rochester,5628,0.15,0.11,Country Suburb,0.04,0.13,0.07,0.10,0.34,0.44,0.09,0.08,0.38
Williamsburg,2489,0.15,0.13,Rural Town,0.04,0.43,0.04,0.08,0.10,0.53,0.25,0.06,0.29
Merrimac,6975,0.15,0.13,Maturing New England Town,0.05,0.38,0.07,0.06,0.23,0.42,0.24,0.07,0.30
Rowley,6358,0.15,0.12,Country Suburb,0.04,0.26,0.06,0.10,0.25,0.46,0.16,0.08,0.34
Aquinnah,327,0.15,0.18,Rural Town,0.01,0.47,0.55,0.03,0.01,0.37,0.26,0.29,0.13
Hopedale,5966,0.15,0.11,Maturing New England Town,0.03,0.23,0.05,0.04,0.24,0.51,0.14,0.05,0.37
Concord,19211,0.15,0.15,Established Suburb/Cape Cod Town,0.11,0.14,0.26,0.24,0.23,0.33,0.13,0.25,0.24
Ashby,3234,0.15,0.13,Rural Town,0.02,0.37,0.07,0.10,0.21,0.43,0.21,0.09,0.29
Southborough,10169,0.15,0.15,Established Suburb/Cape Cod Town,0.05,0.07,0.25,0.36,0.18,0.40,0.06,0.30,0.25
Mattapoisett,6379,0.15,0.11,Maturing New England Town,0.03,0.16,0.07,0.08,0.28,0.49,0.10,0.07,0.38
Williamstown,7993,0.15,0.16,Maturing New England Town,0.08,0.33,0.27,0.21,0.12,0.35,0.22,0.24,0.18
Hampden,5220,0.15,0.11,Country Suburb,0.03,0.21,0.08,0.06,0.34,0.40,0.13,0.07,0.36
Longmeadow,15827,0.15,0.13,Mature Suburb,0.05,0.11,0.18,0.23,0.28,0.36,0.08,0.20,0.29
Groveland,6850,0.15,0.11,Established Suburb/Cape Cod Town,0.02,0.27,0.08,0.04,0.28,0.43,0.16,0.06,0.34
Westford,24296,0.15,0.15,Country Suburb,0.08,0.06,0.29,0.33,0.20,0.34,0.07,0.31,0.23
Holliston,14939,0.14,0.13,Maturing New England Town,0.03,0.20,0.15,0.20,0.20,0.43,0.12,0.17,0.28
Cummington,878,0.14,0.13,Rural Town,0.01,0.55,0.07,0.01,0.11,0.46,0.31,0.04,0.25
Hatfield,3284,0.14,0.11,Country Suburb,0.03,0.33,0.05,0.05,0.19,0.49,0.19,0.05,0.32
Rutland,8846,0.14,0.11,Maturing New England Town,0.02,0.16,0.07,0.15,0.28,0.43,0.10,0.11,0.34
Monroe,112,0.14,0.17,Rural Town,0.00,1.00,0.00,0.12,0.09,0.20,0.56,0.06,0.06
Needham,31248,0.14,0.14,Mature Suburb,0.10,0.09,0.22,0.30,0.22,0.33,0.10,0.26,0.23
Erving,1774,0.14,0.12,Rural Town,0.03,0.43,0.08,0.05,0.14,0.45,0.25,0.07,0.26
Brimfield,3772,0.14,0.11,Rural Town,0.01,0.29,0.09,0.07,0.21,0.44,0.16,0.08,0.30
Townsend,9547,0.14,0.12,Maturing New England Town,0.06,0.30,0.09,0.08,0.18,0.44,0.20,0.08,0.28
Weston,12134,0.14,0.15,Established Suburb/Cape Cod Town,0.11,0.07,0.28,0.39,0.17,0.30,0.09,0.34,0.18
Medway,13427,0.14,0.11,Maturing New England Town,0.10,0.14,0.11,0.14,0.22,0.43,0.13,0.13,0.30
Hamilton,8098,0.14,0.13,Maturing New England Town,0.11,0.28,0.10,0.19,0.19,0.35,0.21,0.14,0.23
Wayland,13882,0.14,0.14,Established Suburb/Cape Cod Town,0.06,0.16,0.24,0.30,0.17,0.34,0.11,0.27,0.21
Southwick,9793,0.14,0.11,Country Suburb,0.10,0.22,0.05,0.08,0.23,0.43,0.17,0.06,0.30
Monson,8865,0.13,0.11,Country Suburb,0.06,0.30,0.06,0.05,0.22,0.41,0.20,0.05,0.29
Granby,6347,0.13,0.10,Country Suburb,0.03,0.20,0.10,0.08,0.22,0.46,0.12,0.09,0.32
Wellesley,29673,0.13,0.14,Established Suburb/Cape Cod Town,0.14,0.05,0.29,0.35,0.17,0.30,0.10,0.32,0.18
Colrain,1677,0.13,0.12,Rural Town,0.03,0.55,0.05,0.05,0.09,0.42,0.33,0.05,0.20
Royalston,1276,0.13,0.11,Rural Town,0.01,0.45,0.01,0.06,0.20,0.39,0.25,0.04,0.26
Chester,1384,0.13,0.11,Rural Town,0.02,0.36,0.02,0.08,0.17,0.46,0.20,0.05,0.28
Lanesborough,2965,0.13,0.11,Rural Town,0.03,0.39,0.05,0.11,0.13,0.44,0.23,0.08,0.25
Norwell,11115,0.13,0.10,Country Suburb,0.05,0.20,0.06,0.08,0.24,0.43,0.13,0.07,0.31
Westminster,7884,0.13,0.09,Country Suburb,0.02,0.15,0.05,0.06,0.28,0.45,0.09,0.06,0.35
Cheshire,3144,0.13,0.11,Maturing New England Town,0.02,0.42,0.05,0.03,0.13,0.46,0.24,0.04,0.26
Gosnold,75,0.13,0.14,Rural Town,0.00,0.97,0.00,0.00,0.31,0.00,0.55,0.00,0.08
Douglas,8954,0.13,0.10,Country Suburb,0.03,0.17,0.15,0.08,0.22,0.42,0.10,0.12,0.29
Newbury,7144,0.13,0.11,Country Suburb,0.06,0.28,0.08,0.09,0.17,0.42,0.19,0.08,0.26
Otis,1548,0.13,0.11,Rural Town,0.02,0.39,0.05,0.06,0.13,0.45,0.22,0.06,0.25
Littleton,10241,0.12,0.12,Maturing New England Town,0.06,0.19,0.15,0.19,0.22,0.34,0.14,0.17,0.24
Plympton,2985,0.12,0.09,Country Suburb,0.02,0.14,0.06,0.08,0.20,0.50,0.08,0.07,0.34
Sutton,9551,0.12,0.09,Country Suburb,0.03,0.09,0.10,0.12,0.29,0.40,0.06,0.11,0.32
Duxbury,15946,0.12,0.09,Established Suburb/Cape Cod Town,0.09,0.14,0.04,0.07,0.24,0.44,0.12,0.05,0.32
Boylston,4688,0.12,0.10,Country Suburb,0.02,0.16,0.07,0.14,0.26,0.39,0.09,0.11,0.30
West Stockbridge,1264,0.12,0.12,Rural Town,0.01,0.35,0.17,0.13,0.11,0.40,0.20,0.15,0.20
Clarksburg,1650,0.12,0.11,Rural Town,0.02,0.44,0.05,0.08,0.08,0.46,0.25,0.06,0.22
Pepperell,12161,0.12,0.11,Country Suburb,0.07,0.29,0.12,0.10,0.16,0.38,0.19,0.11,0.23
Hardwick,3056,0.12,0.12,Rural Town,0.06,0.48,0.06,0.08,0.10,0.38,0.30,0.07,0.19
Georgetown,8773,0.12,0.09,Country Suburb,0.03,0.15,0.09,0.08,0.26,0.40,0.09,0.09,0.31
Berlin,3220,0.12,0.09,Country Suburb,0.02,0.22,0.05,0.13,0.25,0.38,0.12,0.09,0.28
Shelburne,1861,0.12,0.11,Rural Town,0.03,0.42,0.05,0.07,0.05,0.48,0.24,0.06,0.22
Ashburnham,6346,0.12,0.08,Country Suburb,0.03,0.14,0.06,0.05,0.25,0.44,0.08,0.06,0.33
Topsfield,6627,0.12,0.09,Country Suburb,0.04,0.17,0.06,0.16,0.28,0.34,0.11,0.11,0.27
Upton,8012,0.12,0.11,Country Suburb,0.04,0.17,0.24,0.14,0.13,0.40,0.11,0.19,0.22
Oakham,1963,0.12,0.09,Rural Town,0.01,0.27,0.06,0.05,0.17,0.44,0.15,0.06,0.28
Mendon,6183,0.12,0.08,Country Suburb,0.01,0.11,0.10,0.09,0.18,0.50,0.05,0.09,0.32
Holland,2497,0.11,0.09,Maturing New England Town,0.02,0.26,0.06,0.04,0.20,0.43,0.15,0.05,0.28
Bernardston,2114,0.11,0.09,Rural Town,0.02,0.43,0.01,0.01,0.07,0.49,0.25,0.01,0.24
Granville,1624,0.11,0.08,Rural Town,0.02,0.25,0.05,0.04,0.19,0.44,0.14,0.05,0.29
Russell,1802,0.11,0.08,Rural Town,0.02,0.26,0.07,0.03,0.27,0.35,0.15,0.05,0.28
Hopkinton,18269,0.11,0.11,Country Suburb,0.05,0.08,0.20,0.23,0.17,0.37,0.07,0.22,0.22
Wenham,5284,0.11,0.10,Maturing New England Town,0.01,0.28,0.15,0.15,0.20,0.30,0.15,0.15,0.20
Deerfield,5042,0.11,0.10,Maturing New England Town,0.06,0.33,0.09,0.06,0.14,0.38,0.21,0.07,0.21
Phillipston,1751,0.11,0.08,Rural Town,0.01,0.20,0.08,0.05,0.18,0.44,0.11,0.07,0.28
Florida,724,0.11,0.11,Rural Town,0.01,0.53,0.07,0.06,0.04,0.40,0.30,0.06,0.16
Plainfield,664,0.11,0.11,Rural Town,0.01,0.43,0.11,0.12,0.10,0.34,0.24,0.11,0.16
Sheffield,3152,0.11,0.10,Rural Town,0.03,0.45,0.02,0.07,0.11,0.37,0.27,0.04,0.19
Petersham,1253,0.11,0.10,Rural Town,0.01,0.38,0.06,0.10,0.12,0.38,0.21,0.08,0.20
Manchester,5429,0.10,0.09,Maturing New England Town,0.03,0.25,0.03,0.17,0.16,0.38,0.15,0.10,0.23
Lincoln,6797,0.10,0.12,Established Suburb/Cape Cod Town,0.03,0.19,0.27,0.27,0.09,0.31,0.12,0.27,0.14
Sandisfield,895,0.10,0.09,Rural Town,0.01,0.42,0.07,0.07,0.14,0.34,0.23,0.07,0.18
Blandford,1260,0.10,0.07,Rural Town,0.01,0.25,0.02,0.06,0.16,0.44,0.13,0.04,0.27
Medfield,12904,0.10,0.08,Established Suburb/Cape Cod Town,0.06,0.10,0.11,0.18,0.17,0.38,0.08,0.15,0.23
Sudbury,19627,0.10,0.10,Established Suburb/Cape Cod Town,0.07,0.02,0.22,0.27,0.15,0.33,0.04,0.25,0.19
Dover,6101,0.09,0.10,Country Suburb,0.01,0.05,0.23,0.35,0.15,0.30,0.02,0.29,0.16
Princeton,3478,0.09,0.07,Rural Town,0.02,0.16,0.10,0.09,0.16,0.40,0.09,0.10,0.24
Essex,3789,0.09,0.07,Maturing New England Town,0.03,0.30,0.02,0.06,0.17,0.37,0.18,0.04,0.23
Mount Washington,158,0.09,0.08,Rural Town,0.00,0.30,0.10,0.07,0.17,0.33,0.16,0.08,0.20
Stow,7214,0.09,0.08,Country Suburb,0.04,0.16,0.13,0.20,0.12,0.35,0.10,0.16,0.18
Buckland,1875,0.09,0.10,Rural Town,0.03,0.45,0.10,0.11,0.06,0.31,0.26,0.11,0.11
Boxford,8367,0.08,0.06,Country Suburb,0.02,0.02,0.09,0.12,0.26,0.35,0.01,0.11,0.27
Groton,11386,0.08,0.08,Country Suburb,0.07,0.12,0.12,0.15,0.16,0.34,0.09,0.14,0.20
Monterey,929,0.08,0.08,Rural Town,0.01,0.50,0.04,0.04,0.06,0.34,0.28,0.04,0.13
Chilmark,917,0.08,0.08,Rural Town,0.02,0.31,0.13,0.08,0.06,0.38,0.17,0.10,0.16
Gill,1489,0.08,0.08,Rural Town,0.01,0.24,0.11,0.20,0.08,0.34,0.13,0.16,0.15
West Tisbury,2901,0.08,0.08,Rural Town,0.02,0.26,0.07,0.17,0.14,0.31,0.15,0.12,0.17
Washington,541,0.08,0.08,Rural Town,0.00,0.35,0.14,0.06,0.03,0.40,0.19,0.10,0.15
Heath,702,0.08,0.09,Rural Town,0.01,0.56,0.06,0.03,0.02,0.32,0.32,0.04,0.10
Cohasset,8541,0.08,0.06,Country Suburb,0.05,0.18,0.04,0.08,0.18,0.34,0.12,0.06,0.21
Shutesbury,1774,0.08,0.08,Rural Town,0.02,0.27,0.14,0.12,0.06,0.35,0.16,0.13,0.14
Windsor,875,0.08,0.06,Rural Town,0.01,0.25,0.06,0.09,0.08,0.40,0.13,0.08,0.19
New Braintree,1029,0.08,0.05,Rural Town,0.02,0.17,0.02,0.04,0.10,0.47,0.09,0.03,0.25
Hubbardston,4787,0.07,0.06,Rural Town,0.02,0.21,0.10,0.09,0.12,0.36,0.12,0.09,0.19
Dunstable,3404,0.07,0.06,Country Suburb,0.01,0.13,0.09,0.13,0.18,0.34,0.07,0.11,0.21
Sherborn,4341,0.07,0.07,Country Suburb,0.02,0.08,0.15,0.21,0.14,0.31,0.05,0.18,0.17
Worthington,1187,0.07,0.06,Rural Town,0.01,0.29,0.02,0.07,0.10,0.37,0.16,0.05,0.18
Carlisle,5247,0.07,0.08,Country Suburb,0.02,0.00,0.19,0.32,0.12,0.31,0.00,0.25,0.15
Peru,837,0.07,0.06,Rural Town,0.01,0.36,0.05,0.06,0.03,0.38,0.20,0.05,0.15
New Ashford,225,0.07,0.06,Rural Town,0.00,0.27,0.10,0.11,0.03,0.38,0.15,0.10,0.14
Northfield,2992,0.07,0.06,Rural Town,0.01,0.24,0.06,0.13,0.05,0.38,0.13,0.10,0.16
Harvard,6610,0.07,0.08,Country Suburb,0.04,0.07,0.24,0.23,0.06,0.31,0.05,0.24,0.12
Westhampton,1641,0.07,0.04,Rural Town,0.01,0.16,0.04,0.05,0.15,0.39,0.08,0.04,0.23
Leverett,1861,0.07,0.06,Rural Town,0.02,0.20,0.07,0.15,0.05,0.39,0.11,0.11,0.16
New Marlborough,1458,0.06,0.06,Rural Town,0.01,0.31,0.04,0.08,0.05,0.38,0.17,0.06,0.15
West Newbury,4691,0.06,0.05,Country Suburb,0.04,0.16,0.04,0.08,0.16,0.34,0.10,0.06,0.20
Chesterfield,1258,0.06,0.05,Rural Town,0.01,0.34,0.03,0.01,0.09,0.36,0.19,0.02,0.16
Egremont,1208,0.06,0.08,Rural Town,0.01,0.40,0.14,0.18,0.03,0.24,0.22,0.16,0.05
Warwick,780,0.06,0.07,Rural Town,0.01,0.42,0.07,0.08,0.06,0.28,0.23,0.07,0.10
Montgomery,870,0.06,0.05,Rural Town,0.00,0.19,0.04,0.12,0.08,0.37,0.10,0.08,0.17
Hawley,336,0.05,0.07,Rural Town,0.01,0.37,0.13,0.17,0.01,0.25,0.20,0.15,0.05
Pelham,1322,0.05,0.05,Rural Town,0.01,0.18,0.12,0.09,0.04,0.37,0.10,0.10,0.15
Bolton,5376,0.05,0.04,Country Suburb,0.01,0.09,0.10,0.13,0.14,0.31,0.05,0.11,0.17
New Salem,1020,0.05,0.05,Rural Town,0.01,0.35,0.08,0.06,0.03,0.31,0.19,0.07,0.09
Whately,1580,0.04,0.05,Rural Town,0.01,0.28,0.06,0.13,0.15,0.19,0.16,0.10,0.10
Ashfield,1734,0.04,0.04,Rural Town,0.02,0.29,0.07,0.06,0.05,0.31,0.16,0.06,0.11
Richmond,1422,0.04,0.03,Rural Town,0.01,0.16,0.05,0.08,0.10,0.33,0.09,0.07,0.15
Hancock,701,0.04,0.03,Rural Town,0.00,0.25,0.04,0.09,0.09,0.28,0.14,0.06,0.11
Goshen,1064,0.02,0.02,Rural Town,0.00,0.21,0.08,0.06,0.09,0.26,0.11,0.07,0.10
Tyringham,316,0.02,0.01,Rural Town,0.01,0.19,0.06,0.03,0.10,0.27,0.10,0.05,0.11
Conway,1892,0.01,0.01,Rural Town,0.01,0.21,0.04,0.04,0.05,0.30,0.11,0.04,0.10
Leyden,724,0.00,0.01,Rural Town,0.00,0.27,0.01,0.03,0.03,0.27,0.15,0.02,0.07
Tolland,509,0.00,0.01,Rural Town,0.01,0.14,0.09,0.06,0.07,0.24,0.07,0.07,0.08
Middlefield,530,0.00,0.00,Rural Town,0.00,0.25,0.01,0.01,0.03,0.27,0.14,0.01,0.07
Alford,491,0.00,0.02,Rural Town,0.00,0.29,0.09,0.09,0.00,0.20,0.16,0.09,0.00